City_ID,City,Country,Lat,Lng,Max Temp,Humidity,Cloudiness,Wind Speed,Current Description
0,Nikolskoye,RU,59.7035,30.7861,19.78,96,63,6.22,broken clouds
1,Tasiilaq,GL,65.6145,-37.6368,16.5,67,100,6.58,overcast clouds
2,Chokurdakh,RU,70.6333,147.9167,-28.37,100,97,2.91,overcast clouds
3,Busselton,AU,-33.65,115.3333,66.58,76,0,17.25,clear sky
4,Ushuaia,AR,-54.8,-68.3,60.46,55,75,5.75,moderate rain
5,Saint George,US,37.1041,-113.5841,45.95,35,0,8.05,clear sky
6,Puerto Ayora,EC,-0.7393,-90.3518,80.56,93,55,8.99,broken clouds
7,Tura,IN,25.5198,90.2201,57.76,57,67,3.33,broken clouds
8,Saskylakh,RU,71.9167,114.0833,-6.43,79,100,3.62,overcast clouds
9,Avarua,CK,-21.2078,-159.775,82.45,74,40,5.75,light rain
10,Behbahan,IR,30.5959,50.2417,54.32,57,0,2.98,clear sky
11,Lavrentiya,RU,65.5833,-171.0,-15.3,94,53,11.83,broken clouds
12,Anadyr,RU,64.75,177.4833,-3.5,59,0,6.71,clear sky
13,Fairbanks,US,64.8378,-147.7164,-6.39,78,100,0.0,light snow
14,Poum,NC,-20.2333,164.0167,80.74,79,54,6.02,broken clouds
15,Maceio,BR,-9.6658,-35.7353,78.24,88,20,4.61,few clouds
16,Mahebourg,MU,-20.4081,57.7,75.25,88,75,3.44,broken clouds
17,Khatanga,RU,71.9667,102.5,-42.43,95,52,6.76,broken clouds
18,Lagoa,PT,39.05,-27.9833,59.31,78,95,28.95,overcast clouds
19,Punta Arenas,CL,-53.15,-70.9167,59.11,41,20,27.63,few clouds
20,Matay,EG,28.419,30.7792,56.25,82,0,10.13,clear sky
21,Bengkulu,ID,-3.8004,102.2655,73.62,91,100,3.47,overcast clouds
22,Mataura,NZ,-46.1927,168.8643,62.64,45,66,0.6,broken clouds
23,The Valley,AI,18.217,-63.0578,78.94,69,75,12.66,broken clouds
24,Kapaa,US,22.0752,-159.319,80.1,71,3,5.01,light rain
25,Georgetown,MY,5.4112,100.3354,78.73,94,20,2.3,few clouds
26,Sao Joao Da Barra,BR,-21.6403,-41.0511,78.89,87,100,6.4,moderate rain
27,Vila Franca Do Campo,PT,37.7167,-25.4333,59.41,80,97,13.02,overcast clouds
28,Ilulissat,GL,69.2167,-51.1,14.27,95,100,5.99,light snow
29,Hanna,CA,51.6334,-111.9018,29.86,78,89,8.99,overcast clouds
30,Albany,US,42.6001,-73.9662,32.52,85,100,10.0,light snow
31,College,US,64.8569,-147.8028,-6.41,78,100,0.0,light snow
32,Port Elizabeth,ZA,-33.918,25.5701,74.32,87,0,23.02,clear sky
33,Paamiut,GL,61.994,-49.6678,22.75,83,100,15.03,overcast clouds
34,Petropavlovsk-Kamchatskiy,RU,53.0452,158.6483,-3.23,78,0,6.71,clear sky
35,Manta,EC,-0.95,-80.7333,82.18,65,20,5.75,few clouds
36,Bluff,NZ,-46.6,168.3333,55.74,56,62,4.32,broken clouds
37,Isangel,VU,-19.55,169.2667,85.41,71,65,7.4,broken clouds
38,Imbituba,BR,-28.24,-48.6703,74.86,89,46,1.41,light rain
39,Karratha,AU,-20.7377,116.8463,82.96,69,31,12.64,scattered clouds
40,Severo-Kurilsk,RU,50.6789,156.125,19.74,70,90,26.22,overcast clouds
41,Fougamou,GA,-1.2154,10.5838,74.14,95,57,2.3,broken clouds
42,Lorengau,PG,-2.0226,147.2712,79.47,83,100,5.5,overcast clouds
43,Huarmey,PE,-10.0681,-78.1522,73.2,74,30,8.81,scattered clouds
44,Honiara,SB,-9.4333,159.95,80.24,82,93,4.07,overcast clouds
45,Linqiong,CN,30.4159,103.4609,42.62,46,79,1.9,broken clouds
46,Lasa,IT,46.6166,10.7002,32.36,95,91,3.15,light snow
47,Najran,SA,17.4924,44.1277,59.65,32,1,2.64,clear sky
48,Bambous Virieux,MU,-20.3428,57.7575,75.22,88,75,3.44,broken clouds
49,Barrow,US,71.2906,-156.7887,-5.78,77,75,17.27,light snow
50,Castro,BR,-24.7911,-50.0119,63.72,88,62,3.4,broken clouds
51,Namibe,AO,-15.1961,12.1522,73.44,85,99,2.77,overcast clouds
52,Ribeira Grande,PT,38.5167,-28.7,61.77,88,75,23.02,broken clouds
53,Tsumeb,NA,-19.2333,17.7167,69.15,76,99,12.1,overcast clouds
54,Port Alfred,ZA,-33.5906,26.891,75.18,86,31,3.0,scattered clouds
55,Huaibei,CN,33.9744,116.7917,21.22,32,39,17.54,scattered clouds
56,Atuona,PF,-9.8,-139.0333,78.71,78,16,17.87,few clouds
57,Qaanaaq,GL,77.484,-69.3632,-14.87,62,46,6.06,scattered clouds
58,Tiksi,RU,71.6872,128.8694,-32.26,100,76,3.76,broken clouds
59,Pevek,RU,69.7008,170.3133,-19.8,84,83,1.25,broken clouds
60,Esperance,AU,-33.8667,121.9,67.21,57,0,10.0,clear sky
61,Hobart,AU,-42.8794,147.3294,68.05,76,20,4.61,few clouds
62,Bredasdorp,ZA,-34.5322,20.0403,64.44,74,5,7.94,clear sky
63,Sao Miguel Do Araguaia,BR,-13.275,-50.1628,73.27,85,59,1.99,broken clouds
64,Pervomayskoye,RU,43.919,46.7102,37.56,71,6,18.45,clear sky
65,Bac Lieu,VN,9.285,105.7244,77.76,80,100,17.43,overcast clouds
66,Kaitangata,NZ,-46.2817,169.8464,60.39,50,50,5.5,scattered clouds
67,Katsuura,JP,35.1333,140.3,44.29,87,100,3.8,light rain
68,Netrakona,BD,24.8833,90.7167,59.22,60,67,5.19,broken clouds
69,Oistins,BB,13.0667,-59.5333,78.89,69,40,20.71,scattered clouds
70,Mount Isa,AU,-20.7333,139.5,83.97,58,66,5.75,broken clouds
71,Torbay,CA,47.6666,-52.7314,36.27,94,100,21.85,overcast clouds
72,Rikitea,PF,-23.1203,-134.9692,79.45,74,23,17.96,few clouds
73,Bethel,US,41.3712,-73.414,35.89,85,100,4.61,mist
74,Cape Town,ZA,-33.9258,18.4232,68.09,74,20,5.75,few clouds
75,Clarence Town,AU,-32.5833,151.7833,75.81,62,40,3.4,scattered clouds
76,Barao De Melgaco,BR,-16.1944,-55.9675,74.77,87,86,4.45,overcast clouds
77,Chara,RU,56.9064,118.2631,-32.15,86,76,0.07,broken clouds
78,Warrington,GB,53.3925,-2.5802,42.62,87,75,5.75,broken clouds
79,Chardara,KZ,41.2547,67.9692,13.93,94,17,3.36,few clouds
80,Beringovskiy,RU,63.05,179.3167,-8.72,96,100,13.96,overcast clouds
81,Tsnori,GE,41.6209,45.9694,33.06,79,6,1.61,clear sky
82,Komsomolskiy,UZ,40.4272,71.7189,22.23,77,34,1.66,scattered clouds
83,Junqueiropolis,BR,-21.5147,-51.4336,76.51,78,53,4.5,broken clouds
84,Port Lincoln,AU,-34.7333,135.8667,66.42,72,14,12.68,few clouds
85,Minas De Barroteran,MX,27.6333,-101.2833,58.41,64,99,16.73,overcast clouds
86,Mareeba,AU,-17.0,145.4333,81.48,79,14,3.65,few clouds
87,New Norfolk,AU,-42.7826,147.0587,67.71,62,13,1.52,few clouds
88,Lexington Park,US,38.2668,-76.4538,46.72,55,75,25.01,broken clouds
89,Coquimbo,CL,-29.9533,-71.3436,69.53,68,20,13.8,few clouds
90,Mehamn,NO,71.0357,27.8492,31.95,93,100,25.32,shower snow
91,Indramayu,ID,-6.3264,108.32,77.41,86,100,4.59,overcast clouds
92,Umm Kaddadah,SD,13.6017,26.6876,62.46,15,9,12.41,clear sky
93,Aklavik,CA,68.2191,-135.0107,-7.6,77,75,6.91,broken clouds
94,Puerto Escondido,MX,15.85,-97.0667,81.59,63,0,5.37,clear sky
95,Faanui,PF,-16.4833,-151.75,78.37,77,100,12.62,moderate rain
96,Fryanovo,RU,56.1333,38.45,7.39,99,93,3.62,overcast clouds
97,Makakilo City,US,21.3469,-158.0858,81.68,59,3,5.77,clear sky
98,Poprad,SK,49.0614,20.298,32.31,93,100,1.14,overcast clouds
99,Yellowknife,CA,62.456,-114.3525,9.12,92,75,12.66,broken clouds
100,Thompson,CA,55.7435,-97.8558,-5.64,71,20,5.75,few clouds
101,Mandalgovi,MN,45.7625,106.2708,-14.76,83,0,8.37,clear sky
102,Orocue,CO,4.7912,-71.3354,83.52,52,98,6.38,overcast clouds
103,Touros,BR,-5.1989,-35.4608,80.15,78,18,10.58,few clouds
104,East London,ZA,-33.0153,27.9116,76.87,86,29,12.15,scattered clouds
105,San Patricio,US,28.017,-97.5169,62.83,59,93,16.98,overcast clouds
106,Dikson,RU,73.5069,80.5464,-13.13,85,100,31.54,overcast clouds
107,Hilo,US,19.7297,-155.09,83.28,83,1,8.01,clear sky
108,Alofi,NU,-19.0595,-169.9187,80.49,83,75,3.44,light intensity drizzle
109,Coahuayana,MX,18.7333,-103.6833,80.89,57,7,5.86,clear sky
110,Jamestown,US,42.097,-79.2353,33.39,61,100,5.99,overcast clouds
111,Russell,US,32.3502,-85.1999,56.48,68,6,4.65,clear sky
112,Puerto Del Rosario,ES,28.5004,-13.8627,64.15,63,75,19.57,broken clouds
113,Erzin,TR,36.9559,36.2,51.85,60,0,5.26,clear sky
114,San-Pedro,CI,4.7485,-6.6363,78.87,87,33,5.37,scattered clouds
115,North Bend,US,43.4065,-124.2243,52.16,93,31,10.16,scattered clouds
116,Luderitz,NA,-26.6481,15.1594,62.47,86,0,11.61,clear sky
117,Saldanha,ZA,-33.0117,17.9442,64.45,84,0,6.76,clear sky
118,Provideniya,RU,64.3833,-173.3,5.11,61,20,17.9,few clouds
119,Walvis Bay,NA,-22.9575,14.5053,65.8,81,54,11.97,broken clouds
120,Ventspils,LV,57.3894,21.5606,31.93,86,100,12.66,overcast clouds
121,Okhotsk,RU,59.3833,143.3,-23.24,83,50,12.48,scattered clouds
122,Victoria,HK,22.2855,114.1577,59.25,58,99,25.01,overcast clouds
123,Portland,US,45.5234,-122.6762,50.99,75,75,8.05,broken clouds
124,Yoichi,JP,43.2039,140.7703,18.0,86,100,16.46,light snow
125,Yulara,AU,-25.2406,130.9889,79.83,29,3,15.52,clear sky
126,Cheyenne,US,41.14,-104.8203,25.12,84,100,4.61,overcast clouds
127,Powassan,CA,46.0334,-79.3496,27.16,87,99,8.37,overcast clouds
128,Bubaque,GW,11.2833,-15.8333,74.26,74,9,14.99,clear sky
129,Guerrero Negro,MX,27.9769,-114.0611,60.31,46,81,10.11,broken clouds
130,Novikovo,RU,51.1537,37.8879,23.5,80,26,6.4,scattered clouds
131,Cairns,AU,-16.9167,145.7667,85.06,77,75,9.22,broken clouds
132,Saint-Francois,FR,46.4154,3.9054,35.04,83,100,10.36,light snow
133,Port Blair,IN,11.6667,92.75,78.84,73,40,0.0,mist
134,Havelock,US,34.8791,-76.9013,53.55,58,23,8.01,few clouds
135,Verkhnevilyuysk,RU,63.4453,120.3167,-22.74,96,100,4.79,overcast clouds
136,Chapais,CA,49.7834,-74.8492,20.98,93,100,6.33,overcast clouds
137,Kraskino,RU,42.7114,130.7794,-7.87,56,1,13.89,clear sky
138,Lompoc,US,34.6391,-120.4579,63.84,60,2,4.0,clear sky
139,Leningradskiy,RU,69.3833,178.4167,-26.39,93,5,8.9,clear sky
140,Iqaluit,CA,63.7506,-68.5145,-9.67,77,75,4.61,broken clouds
141,Hermanus,ZA,-34.4187,19.2345,65.8,80,0,11.65,clear sky
142,Olafsvik,IS,64.8945,-23.7142,32.59,72,100,15.12,overcast clouds
143,Eureka,US,40.8021,-124.1637,57.67,70,3,8.99,clear sky
144,Kailua,US,21.4022,-157.7394,83.14,71,13,1.99,few clouds
145,Wanning,CN,18.8003,110.3967,65.34,88,100,16.15,overcast clouds
146,Christiana,ZA,-27.914,25.1611,70.92,28,40,9.73,scattered clouds
147,Ponta Delgada,PT,37.7333,-25.6667,59.72,72,75,17.27,broken clouds
148,Griffith,US,41.5284,-87.4237,32.31,77,0,12.66,clear sky
149,Elat,IL,29.5581,34.9482,58.84,72,0,5.75,clear sky
150,Vacaria,BR,-28.5122,-50.9339,64.71,84,58,8.39,broken clouds
151,Faya,SA,18.3851,42.4509,51.91,73,1,0.96,clear sky
152,Vaini,TO,-21.2,-175.2,86.16,74,40,3.44,light rain
153,Santiago Del Estero,AR,-27.7951,-64.2615,95.74,31,1,10.07,clear sky
154,Arraial Do Cabo,BR,-22.9661,-42.0278,80.46,74,75,4.61,light rain
155,Viseu,PT,40.661,-7.9097,35.85,58,0,7.09,clear sky
156,Oppdal,NO,62.5943,9.6912,31.28,90,94,9.26,light snow
157,Hami,CN,42.8,93.45,8.31,37,0,5.23,clear sky
158,Oyama,JP,36.3,139.8,41.59,58,100,2.3,overcast clouds
159,Fort Wellington,GY,6.4,-57.6,75.7,84,67,11.1,broken clouds
160,Ahipara,NZ,-35.1667,173.1667,72.73,65,100,4.65,overcast clouds
161,Mar Del Plata,AR,-38.0023,-57.5575,69.82,71,0,11.5,clear sky
162,Nishihara,JP,26.1842,127.7558,61.88,88,75,36.82,light intensity shower rain
163,Noumea,NC,-22.2763,166.4572,84.99,99,97,3.96,overcast clouds
164,Zaozerne,UA,45.1582,33.2787,36.45,92,37,11.43,scattered clouds
165,Iwanai,JP,42.9744,140.5089,16.29,91,100,9.71,light snow
166,Isiro,CD,2.7739,27.616,67.55,55,99,1.05,overcast clouds
167,Ussel,FR,45.55,2.3167,26.44,93,96,7.58,overcast clouds
168,Fortuna,US,40.5982,-124.1573,56.93,65,0,12.66,clear sky
169,Felanitx,ES,39.4696,3.1483,43.14,57,97,18.48,overcast clouds
170,Talnakh,RU,69.4865,88.3972,-25.1,93,20,6.4,few clouds
171,Madras,IN,13.0878,80.2785,75.18,88,40,2.3,mist
172,Jaciara,BR,-15.9653,-54.9683,73.53,90,98,3.6,overcast clouds
173,Brigantine,US,39.4101,-74.3646,41.04,87,84,4.0,broken clouds
174,Rantoul,US,40.3084,-88.1559,33.98,89,0,11.5,clear sky
175,Gat,IL,31.61,34.7642,61.39,62,0,1.95,clear sky
176,Mount Gambier,AU,-37.8333,140.7667,66.56,70,93,7.36,overcast clouds
177,Butaritari,KI,3.0707,172.7902,80.31,81,97,18.61,light rain
178,Narsaq,GL,60.9167,-46.05,22.15,71,100,5.17,overcast clouds
179,Lake City,US,30.1897,-82.6393,58.86,50,0,4.61,clear sky
180,Saint-Philippe,RE,-21.3585,55.7679,72.99,91,100,7.27,moderate rain
181,Kosh-Agach,RU,50.0,88.6667,-7.15,99,100,0.45,light snow
182,Iracoubo,GF,5.4802,-53.2011,76.35,83,15,12.84,few clouds
183,Longyearbyen,SJ,78.2186,15.6401,24.64,74,40,3.44,scattered clouds
184,Nome,US,64.5011,-165.4064,-10.8,87,2,9.15,clear sky
185,Tessalit,ML,20.1986,1.0114,68.85,12,1,7.54,clear sky
186,San Cristobal,VE,7.7669,-72.225,75.38,81,79,3.8,broken clouds
187,Cherskiy,RU,68.75,161.3,-16.51,94,100,4.85,overcast clouds
188,Broken Hill,AU,-31.95,141.4333,81.03,27,17,3.51,few clouds
189,Pisco,PE,-13.7,-76.2167,78.85,65,0,25.32,clear sky
190,Nizhniy Ingash,RU,56.2,96.53,7.48,95,100,5.64,overcast clouds
191,Upington,ZA,-28.4478,21.2561,82.78,39,89,17.27,overcast clouds
192,Baracoa,CU,20.3467,-74.4958,75.47,83,14,3.85,few clouds
193,Arlit,NE,18.7369,7.3853,71.22,13,2,3.36,clear sky
194,Ugoofaaru,MV,5.6667,73.0,80.37,70,63,9.95,broken clouds
195,Acaponeta,MX,22.4964,-105.3594,80.35,45,33,7.74,scattered clouds
196,Qingyuan,CN,23.7,113.0333,53.58,68,100,16.69,overcast clouds
197,Timra,SE,62.487,17.3257,19.08,93,100,3.44,overcast clouds
198,Ixtapa,MX,20.7,-105.2,77.23,75,45,4.0,scattered clouds
199,Edson,CA,53.5835,-116.4356,41.14,38,100,27.63,overcast clouds
200,Upernavik,GL,72.7868,-56.1549,-8.68,98,96,3.04,overcast clouds
201,Nanortalik,GL,60.1432,-45.2371,30.38,67,100,6.91,overcast clouds
202,Anapskaya,RU,44.89,37.38,30.43,86,0,2.24,clear sky
203,Odienne,CI,9.51,-7.5692,84.43,36,85,2.44,overcast clouds
204,Avera,US,33.194,-82.5271,48.25,60,4,7.47,clear sky
205,Tiznit,MA,29.5833,-9.5,53.91,51,0,2.21,clear sky
206,Karoi,ZW,-16.8099,29.6925,61.92,98,100,4.36,light rain
207,Bathsheba,BB,13.2167,-59.5167,79.41,69,40,20.71,scattered clouds
208,Mezen,RU,65.8522,44.24,15.51,85,9,11.12,clear sky
209,Bandarbeyla,SO,9.4942,50.8122,74.68,68,100,17.43,overcast clouds
210,Dutse,NG,11.7594,9.3392,71.55,17,100,8.39,overcast clouds
211,Alta Floresta,BR,-9.8756,-56.0861,73.18,92,68,0.74,light rain
212,Kavieng,PG,-2.5744,150.7967,82.96,77,78,14.61,light rain
213,Hasaki,JP,35.7333,140.8333,38.21,89,100,9.33,light rain
214,Galle,LK,6.0367,80.217,74.55,88,100,7.96,light rain
215,Kaniama,CD,-7.5667,24.1833,62.28,95,97,1.34,overcast clouds
216,Wukari,NG,7.85,9.7833,79.02,19,26,5.14,scattered clouds
217,Qaqortoq,GL,60.7167,-46.0333,24.35,66,100,3.33,overcast clouds
218,Presidencia Roque Saenz Pena,AR,-26.7852,-60.4388,90.41,31,4,4.32,clear sky
219,Suntar,RU,62.1444,117.6319,-22.92,91,100,7.11,overcast clouds
220,Baykit,RU,61.67,96.37,-18.71,99,100,2.82,overcast clouds
221,Tommot,RU,58.9564,126.2925,-22.05,93,100,8.21,overcast clouds
222,Tabory,RU,58.5198,64.5495,4.75,97,66,4.92,broken clouds
223,Lensk,RU,60.7253,114.9278,-26.43,93,100,6.11,overcast clouds
224,Bulawayo,ZW,-20.15,28.5833,62.71,90,100,5.99,overcast clouds
225,Chuy,UY,-33.6971,-53.4616,68.7,64,0,11.14,clear sky
226,Bucerias,MX,20.75,-105.3333,77.99,76,54,8.59,broken clouds
227,Namatanai,PG,-3.6667,152.4333,83.86,70,72,8.14,broken clouds
228,Joaima,BR,-16.6542,-41.0306,73.78,92,100,1.7,overcast clouds
229,Kudahuvadhoo,MV,2.6708,72.8944,79.41,73,97,5.03,overcast clouds
230,Erenhot,CN,43.6475,111.9767,-9.71,79,0,11.65,clear sky
231,Gunjur,GM,13.2019,-16.7339,69.42,77,73,10.38,broken clouds
232,Kismayo,SO,-0.3582,42.5454,76.59,88,98,15.28,overcast clouds
233,Great Yarmouth,GB,52.6083,1.7305,39.02,81,39,3.11,scattered clouds
234,Kodiak,US,57.79,-152.4072,38.05,96,94,8.77,overcast clouds
235,Gillette,US,44.2911,-105.5022,33.03,67,46,11.01,scattered clouds
236,Saravan,AM,39.7196,45.6483,16.92,46,0,7.36,clear sky
237,Parana,AR,-31.732,-60.5238,86.13,30,0,3.89,clear sky
238,Aksu,CN,41.1231,80.2644,1.45,90,19,4.18,few clouds
239,Porto Belo,BR,-27.1578,-48.5531,76.15,85,41,6.8,moderate rain
240,Nantucket,US,41.2835,-70.0995,34.0,95,100,22.75,overcast clouds
241,Zhaotong,CN,27.3167,103.7167,25.14,86,89,3.02,overcast clouds
242,Norman Wells,CA,65.282,-126.8329,-3.66,98,100,2.68,overcast clouds
243,Road Town,VG,18.4167,-64.6167,77.63,70,59,20.11,broken clouds
244,Konstantinovka,RU,49.6167,127.9833,-26.82,93,100,4.03,overcast clouds
245,Vao,NC,-22.6667,167.4833,78.73,83,92,4.61,overcast clouds
246,Laukaa,RU,58.7372,29.8453,17.49,95,54,6.22,broken clouds
247,Atambua,ID,-9.1061,124.8925,75.88,79,99,2.71,overcast clouds
248,Cabadiangan,PH,9.7531,122.4739,75.97,93,100,7.29,overcast clouds
249,Ponta Do Sol,PT,32.6667,-17.1,61.72,66,7,8.61,clear sky
250,San,ML,13.3034,-4.8956,81.64,16,2,5.75,clear sky
251,Cornwall,CA,45.0181,-74.7281,30.58,91,98,8.01,overcast clouds
252,Shingu,JP,33.7333,135.9833,42.24,87,100,6.15,overcast clouds
253,Padang,ID,-0.9492,100.3543,71.65,93,100,4.81,overcast clouds
254,Tongliao,CN,43.6125,122.2653,-11.81,54,0,10.22,clear sky
255,Kruisfontein,ZA,-34.0033,24.7314,69.94,85,62,17.94,broken clouds
256,Madera,US,37.1666,-119.8343,54.52,80,5,1.99,clear sky
257,Rach Gia,VN,10.0167,105.0833,73.53,89,95,7.14,overcast clouds
258,San Quintin,MX,30.4833,-115.95,58.17,29,0,11.23,clear sky
259,Mokrous,RU,51.2333,47.5167,10.47,85,23,3.22,few clouds
260,Pangoa,PE,-12.1167,-73.0,71.83,97,93,2.84,light rain
261,Marawi,PH,7.9986,124.2928,67.96,96,100,1.61,overcast clouds
262,Kimbe,PG,-5.5502,150.1429,83.75,72,96,1.41,overcast clouds
263,Ellisras,ZA,-23.6649,27.7443,69.13,55,1,4.85,clear sky
264,Karpinsk,RU,59.7654,60.0085,18.97,80,63,8.75,broken clouds
265,Cidreira,BR,-30.1811,-50.2056,76.17,76,26,12.41,scattered clouds
266,Tuatapere,NZ,-46.1333,167.6833,59.79,53,25,4.12,scattered clouds
267,Kisangani,CD,0.5167,25.2,73.63,78,100,2.73,overcast clouds
268,Nouadhibou,MR,20.931,-17.0347,64.38,75,0,19.08,clear sky
269,Vilcun,CL,-38.65,-72.2333,72.61,49,0,7.47,clear sky
270,General Pico,AR,-35.6566,-63.7568,84.38,35,0,9.95,clear sky
271,Moshkovo,RU,55.3053,83.6104,8.73,96,99,8.59,overcast clouds
272,Antofagasta,CL,-23.65,-70.4,69.49,80,12,4.79,few clouds
273,Rocha,UY,-34.4833,-54.3333,65.07,68,0,5.23,clear sky
274,Waddan,LY,29.1614,16.139,52.23,29,0,7.05,clear sky
275,Tynda,RU,55.1667,124.7167,-28.89,94,100,3.53,overcast clouds
276,Cedar City,US,37.6775,-113.0619,24.4,68,83,11.03,broken clouds
277,Kavaratti,IN,10.5669,72.642,79.23,75,34,13.18,scattered clouds
278,Ust-Kuyga,RU,70.0167,135.6,-41.67,100,100,4.25,overcast clouds
279,Pacifica,US,37.6138,-122.4869,62.28,40,20,8.05,few clouds
280,Dalen,NL,52.6992,6.7556,37.51,92,98,4.0,overcast clouds
281,Adrar,MR,20.5022,-10.0711,65.48,15,0,9.19,clear sky
282,El Alto,PE,-4.2714,-81.2147,72.21,73,39,8.39,scattered clouds
283,Capreol,CA,46.706,-80.9225,28.54,89,99,10.2,overcast clouds
284,Dandong,CN,40.1292,124.3947,-4.47,55,1,14.61,clear sky
285,Acapulco,MX,16.8634,-99.8901,81.46,60,0,6.58,clear sky
286,Zhigansk,RU,66.7697,123.3711,-42.3,98,100,5.64,overcast clouds
287,Wagar,SD,16.1525,36.2032,72.95,68,29,12.53,scattered clouds
288,Ribeira Brava,PT,32.65,-17.0667,61.72,68,5,9.64,clear sky
289,Richards Bay,ZA,-28.783,32.0377,74.05,89,2,10.02,clear sky
290,Pangnirtung,CA,66.1451,-65.7125,-17.68,83,99,2.77,overcast clouds
291,Zlobin,HR,45.2924,14.6541,38.5,71,20,12.66,few clouds
292,Tuktoyaktuk,CA,69.4541,-133.0374,-12.17,95,100,7.56,overcast clouds
293,Rosetta,EG,31.4044,30.4164,60.6,75,0,10.6,clear sky
294,Selikhino,RU,50.3672,137.4996,-32.06,100,97,1.57,overcast clouds
295,Ancud,CL,-41.8697,-73.8203,57.58,96,79,18.3,moderate rain
296,Port Hardy,CA,50.6996,-127.4199,42.98,87,75,13.8,broken clouds
297,Boden,SE,65.8252,21.6886,30.2,89,100,7.49,overcast clouds
298,Yumen,CN,40.2833,97.2,-0.09,51,3,0.63,clear sky
299,Kinsale,IE,51.7075,-8.5306,45.77,100,100,2.3,fog
300,Hanting,CN,36.7708,119.2108,9.55,30,25,16.71,scattered clouds
301,Harper,LR,4.375,-7.7169,78.22,85,32,5.95,moderate rain
302,Havre-Saint-Pierre,CA,50.2334,-63.5986,22.64,84,93,11.36,overcast clouds
303,Gizo,SB,-8.103,156.8419,83.32,70,81,7.29,broken clouds
304,Lebu,CL,-37.6167,-73.65,65.79,83,15,7.85,few clouds
305,Bilibino,RU,68.0546,166.4372,-8.48,87,100,4.0,overcast clouds
306,Ostrovnoy,RU,68.0531,39.5131,25.05,89,100,27.0,overcast clouds
307,Manavalakurichi,IN,8.1333,77.3,75.56,82,100,5.39,overcast clouds
308,Jiwani,PK,25.05,61.7417,57.94,34,0,14.7,clear sky
309,Zhuhai,CN,22.2769,113.5678,56.98,67,40,27.63,scattered clouds
310,Mogadishu,SO,2.0371,45.3438,76.48,84,49,19.91,scattered clouds
311,Carnarvon,AU,-24.8667,113.6333,75.69,77,13,10.51,few clouds
312,Chernyshevskiy,RU,63.0128,112.4714,-28.61,94,100,6.44,overcast clouds
313,Khandyga,RU,62.6667,135.6,-45.33,96,100,1.16,overcast clouds
314,Puerto Carreno,CO,6.189,-67.4859,84.76,48,100,12.84,overcast clouds
315,Ihosy,MG,-22.4,46.1167,67.77,98,100,8.05,overcast clouds
316,Namikupa,TZ,-10.8333,39.6,69.58,97,100,5.1,overcast clouds
317,Solwezi,ZM,-12.1688,26.3894,61.03,97,100,5.97,overcast clouds
318,Cayenne,GF,4.9333,-52.3333,77.04,78,75,2.3,broken clouds
319,Ojinaga,MX,29.5667,-104.4167,73.58,23,0,14.97,clear sky
320,Lysva,RU,58.1086,57.8053,3.52,99,100,3.02,overcast clouds
321,Asyut,EG,27.181,31.1837,56.3,63,0,5.44,clear sky
322,Surt,LY,31.2089,16.5887,59.72,71,7,12.93,clear sky
323,Galesong,ID,-5.3166,119.3661,73.42,82,100,4.85,overcast clouds
324,Araguaina,BR,-7.1911,-48.2072,76.42,84,57,2.91,broken clouds
325,Kloulklubed,PW,7.0419,134.2556,77.5,81,93,15.03,overcast clouds
326,Merauke,ID,-8.4667,140.3333,78.24,90,100,15.03,overcast clouds
327,High Level,CA,58.5169,-117.136,18.55,96,99,2.37,overcast clouds
328,Ardesen,TR,41.1911,40.9875,50.11,81,9,3.87,clear sky
329,Canals,ES,38.9625,-0.5844,40.12,71,80,1.45,broken clouds
330,La Ronge,CA,55.1001,-105.2842,10.62,79,100,6.91,light snow
331,Hambantota,LK,6.1241,81.1185,75.85,85,99,12.46,overcast clouds
332,Vanimo,PG,-2.6741,141.3028,76.64,92,100,0.83,overcast clouds
333,Povenets,RU,62.8487,34.8262,8.38,99,96,7.09,overcast clouds
334,Aguililla,MX,18.7333,-102.7333,79.83,25,12,8.01,few clouds
335,Zhezkazgan,KZ,47.8043,67.7144,-0.42,85,0,8.95,clear sky
336,Samarai,PG,-10.6167,150.6667,83.68,75,78,13.78,broken clouds
337,Gambela,ET,8.25,34.5833,81.16,27,27,2.19,scattered clouds
338,Riyadh,SA,24.6877,46.7219,55.54,58,55,6.62,broken clouds
339,Balod,IN,20.73,81.2047,58.77,46,7,2.98,clear sky
340,Westport,US,41.1415,-73.3579,37.56,88,100,10.36,overcast clouds
341,Tomatlan,MX,19.9333,-105.25,79.74,56,39,8.7,scattered clouds
342,Cangzhou,CN,38.3167,116.8667,4.15,29,0,7.0,clear sky
343,Hithadhoo,MV,-0.6,73.0833,79.32,78,81,9.33,light rain
344,Baherden,TM,38.4362,57.4316,29.26,61,7,5.3,clear sky
345,Sola,VU,-13.8833,167.55,80.89,75,99,10.49,overcast clouds
346,Haines Junction,CA,60.7522,-137.5108,28.09,94,100,3.49,overcast clouds
347,Arzgir,RU,45.3728,44.2206,29.64,89,39,14.85,scattered clouds
348,Malindi,KE,-3.2175,40.1191,77.43,84,97,9.98,overcast clouds
349,Kasempa,ZM,-13.4584,25.8338,63.82,86,99,7.27,overcast clouds
350,Montlucon,FR,46.3333,2.6,32.7,89,97,8.1,overcast clouds
351,Beloha,MG,-25.1667,45.05,75.09,81,100,17.34,overcast clouds
352,Inhambane,MZ,-23.865,35.3833,79.66,72,88,10.71,overcast clouds
353,Kabo,CF,7.6994,18.629,76.03,18,68,2.33,broken clouds
354,Codrington,AU,-38.2667,141.9667,67.78,75,99,9.44,overcast clouds
355,Xacmaz,AZ,41.4635,48.806,35.24,82,9,5.19,clear sky
356,Te Anau,NZ,-45.4167,167.7167,58.86,56,16,2.28,few clouds
357,Haicheng,CN,40.8516,122.7475,-4.81,38,6,12.28,clear sky
358,Raudeberg,NO,61.9875,5.1352,45.86,22,100,27.67,light rain
359,Magole,TZ,-6.3667,37.3667,69.73,96,99,1.03,light rain
360,Opuwo,NA,-18.0607,13.84,66.4,74,100,6.67,overcast clouds
361,Kodinsk,RU,58.6881,99.1844,-10.41,99,100,2.44,overcast clouds
362,Waw,SS,7.7029,27.9953,76.37,19,12,5.28,few clouds
363,Hounde,BF,11.5,-3.5167,83.28,17,0,1.23,clear sky
364,Ust-Ishim,RU,57.6935,71.1665,3.61,98,67,5.41,broken clouds
365,Hot Springs,US,34.5037,-93.0552,52.2,38,0,3.44,clear sky
366,Kununurra,AU,-15.7667,128.7333,80.58,89,93,3.44,overcast clouds
367,Marquette,US,46.5333,-87.6335,26.04,86,100,11.01,overcast clouds
368,Natal,BR,-5.795,-35.2094,83.05,74,75,12.66,broken clouds
369,Djenne,ML,13.9061,-4.5533,81.18,15,22,5.66,few clouds
370,Buraydah,SA,26.326,43.975,58.89,61,18,9.6,few clouds
371,Kuito,AO,-12.3833,16.9333,55.65,94,99,5.68,overcast clouds
372,Vestmannaeyjar,IS,63.4427,-20.2734,37.96,87,100,21.32,overcast clouds
373,Khorramshahr,IR,30.4397,48.1664,44.55,72,12,6.8,few clouds
374,Comodoro Rivadavia,AR,-45.8667,-67.5,79.59,32,18,11.01,few clouds
375,Soyo,AO,-6.1349,12.3689,79.07,82,67,5.73,light rain
376,Kotido,UG,2.9806,34.1331,73.72,40,92,7.61,overcast clouds
377,Qasigiannguit,GL,68.8193,-51.1922,14.25,96,100,1.97,overcast clouds
378,Gravelbourg,CA,49.8834,-106.5512,24.62,87,100,9.19,overcast clouds
379,Atar,MR,20.5169,-13.0499,68.34,15,1,8.95,clear sky
380,Shu,KZ,43.5983,73.7614,3.04,93,11,6.58,few clouds
381,Aksha,RU,50.2814,113.2867,-29.92,91,7,4.29,clear sky
382,Varias,RO,46.0167,20.95,41.99,83,94,4.27,overcast clouds
383,Halifax,CA,44.6453,-63.5724,43.29,98,100,12.66,light intensity drizzle
384,Camacha,PT,33.0833,-16.3333,58.42,63,40,12.66,scattered clouds
385,Waipawa,NZ,-41.4122,175.5153,60.19,64,52,5.64,broken clouds
386,Catabola,AO,-12.15,17.2833,59.49,88,100,3.98,overcast clouds
387,Grindavik,IS,63.8424,-22.4338,34.27,86,100,20.71,light snow
388,Banes,CU,20.9625,-75.7186,75.76,78,1,8.57,clear sky
389,Toguchin,RU,55.2353,84.3858,10.08,95,99,8.63,overcast clouds
390,Meulaboh,ID,4.1363,96.1285,74.52,94,100,10.4,overcast clouds
391,Qostanay,KZ,53.1667,63.5833,3.49,85,0,4.47,clear sky
392,Carutapera,BR,-1.195,-46.02,74.98,93,100,7.45,light rain
393,Roseburg,US,43.2165,-123.3417,51.51,75,100,6.91,overcast clouds
394,Padilla,CO,3.2204,-76.3139,73.31,77,22,1.16,few clouds
395,Morgan City,US,29.6994,-91.2068,57.99,47,0,8.05,clear sky
396,Mahibadhoo,MV,3.7833,72.9667,79.16,77,98,10.25,overcast clouds
397,Coihueco,CL,-36.6167,-71.8333,75.94,38,0,13.8,clear sky
398,Shiyan,CN,32.6475,110.7781,26.38,15,67,2.84,broken clouds
399,Bom Jesus Da Lapa,BR,-13.255,-43.4181,72.01,88,95,3.67,overcast clouds
400,Kingman,US,35.1894,-114.053,48.25,28,0,21.85,clear sky
401,Southbridge,US,42.0751,-72.0334,33.06,98,100,10.36,light snow
402,Karla,EE,59.3723,24.9275,31.98,93,100,13.8,overcast clouds
403,Christchurch,NZ,-43.5333,172.6333,64.42,88,100,5.75,overcast clouds
404,Sabha,LY,27.0377,14.4283,56.55,24,0,9.08,clear sky
405,Souillac,MU,-20.5167,57.5167,74.34,77,100,4.54,overcast clouds
406,Soure,BR,-0.7167,-48.5233,77.18,85,100,11.39,overcast clouds
407,Kursk,RU,51.7303,36.1939,29.19,58,0,6.71,clear sky
408,Camocim,BR,-2.9022,-40.8411,78.49,80,65,9.19,broken clouds
409,Cedar Lake,US,41.3648,-87.4411,32.02,81,14,10.16,few clouds
410,Finschhafen,PG,-6.6024,147.8681,82.74,75,100,5.84,overcast clouds
411,Almaznyy,RU,48.0448,40.045,27.25,70,5,13.65,clear sky
412,Porto Velho,BR,-8.7619,-63.9039,75.25,94,40,1.14,scattered clouds
413,Fort-De-France,MQ,14.6089,-61.0733,78.75,83,75,11.5,broken clouds
414,Jasidih,IN,24.5167,86.65,61.52,63,48,0.89,scattered clouds
415,Abalak,RU,58.1286,68.5944,3.33,98,87,5.5,overcast clouds
416,Brae,GB,60.3964,-1.353,48.49,97,100,17.56,overcast clouds
417,Sawakin,SD,19.1059,37.3321,75.2,81,63,12.88,broken clouds
418,Hofn,IS,64.2539,-15.2082,33.89,52,100,7.0,overcast clouds
419,Vicuna,CL,-30.0319,-70.7081,80.76,52,1,6.93,clear sky
420,Beamsville,CA,43.1668,-79.4829,34.92,85,73,1.01,broken clouds
421,Kidal,ML,18.4411,1.4078,74.59,12,5,8.61,clear sky
422,Muhos,FI,64.808,25.9931,28.18,94,100,10.76,snow
423,Guanica,PR,17.9716,-66.908,80.22,78,33,13.94,scattered clouds
424,Manicore,BR,-5.8092,-61.3003,74.35,93,88,1.81,overcast clouds
425,Ulundi,ZA,-28.3352,31.4162,66.0,97,4,3.65,clear sky
426,Dasuya,IN,31.8183,75.6597,50.16,61,0,2.73,clear sky
427,Kingisepp,RU,59.3733,28.6134,20.53,95,55,6.96,broken clouds
428,San Rafael,AR,-34.6177,-68.3301,94.53,21,18,19.73,few clouds
429,Shumskiy,RU,54.8318,99.1328,0.54,98,100,3.2,overcast clouds
430,Nioro,GM,13.35,-15.75,70.34,54,32,7.52,scattered clouds
431,Fort Nelson,CA,58.8053,-122.7002,24.94,85,99,2.01,overcast clouds
432,Orsha,BY,54.5153,30.4053,30.16,97,99,0.67,overcast clouds
433,Northam,GB,51.0333,-4.2167,34.39,87,55,4.65,broken clouds
434,Hamilton,US,39.1834,-84.5333,34.75,79,100,4.61,light snow
435,Hauterive,FR,46.0901,3.4459,34.56,97,100,5.03,light snow
436,Bulgan,MN,48.8125,103.5347,-18.49,85,85,2.55,overcast clouds
437,Mugan,CN,35.9404,101.3842,11.03,16,0,1.1,clear sky
438,Palmer,US,42.1584,-72.3287,33.62,86,75,10.36,light snow
439,Pacific Grove,US,36.6177,-121.9166,61.9,41,0,8.05,clear sky
440,Kirksville,US,40.1948,-92.5833,31.05,94,0,5.75,clear sky
441,Minab,IR,27.1467,57.0801,56.41,29,24,12.1,few clouds
442,Odweyne,SO,9.4092,45.064,64.17,51,94,4.61,overcast clouds
443,Lexington,US,37.9887,-84.4777,36.25,72,20,8.05,few clouds
444,Korla,CN,41.7597,86.1469,3.38,91,37,4.85,scattered clouds
445,Lahijan,IR,37.2061,50.0029,40.86,74,46,3.29,scattered clouds
446,Port Shepstone,ZA,-30.7414,30.455,73.96,87,12,14.2,few clouds
447,Kulhudhuffushi,MV,6.6221,73.07,79.86,71,90,7.94,moderate rain
448,Mana,GF,5.6592,-53.7767,75.74,84,25,11.34,scattered clouds
449,Hengshui,CN,37.7322,115.7011,7.63,18,6,5.48,clear sky
450,Capaci,IT,38.1711,13.2393,48.25,70,14,10.36,few clouds
451,Neya,RU,58.2972,43.8681,1.24,100,100,4.29,overcast clouds
452,Ratnagiri,IN,16.9833,73.3,67.14,82,30,7.9,scattered clouds
453,Sao Filipe,CV,14.8961,-24.4956,70.59,64,26,8.05,scattered clouds
454,Yerbogachen,RU,61.2767,108.0108,-50.71,100,70,2.06,broken clouds
455,Altamira,BR,-3.2033,-52.2064,73.45,95,92,3.24,overcast clouds
456,Tucurui,BR,-3.7661,-49.6725,74.79,92,76,3.74,broken clouds
457,Naze,JP,28.3667,129.4833,56.21,79,91,25.48,light rain
458,Turgenevo,RU,54.8455,46.3297,3.04,94,94,4.12,overcast clouds
459,Kaeo,NZ,-35.1,173.7833,75.33,70,99,8.46,overcast clouds
460,Coihaique,CL,-45.5752,-72.0662,57.81,76,100,9.22,moderate rain
461,Belyy Yar,RU,53.6039,91.3903,-4.11,84,100,0.0,mist
462,Dalvik,IS,65.9702,-18.5286,29.23,56,100,6.13,overcast clouds
463,Iquitos,PE,-3.7481,-73.2472,80.64,78,75,5.75,light rain
464,Cache Creek,CA,50.8101,-121.3246,32.92,91,92,3.4,overcast clouds
465,Oum Hadjer,TD,13.2954,19.6966,76.35,13,100,9.26,overcast clouds
466,Iskateley,RU,67.6803,53.1512,22.44,80,100,20.36,overcast clouds
467,Hameenlinna,FI,60.996,24.4643,29.14,87,100,9.98,snow
468,Ulagan,RU,50.6321,87.9563,13.73,97,100,0.72,light snow
469,Troy,US,42.6056,-83.1499,33.44,79,100,9.22,overcast clouds
470,Deputatskiy,RU,69.3,139.9,-29.7,100,100,1.74,overcast clouds
471,Macau,MO,22.2006,113.5461,57.0,67,40,27.63,scattered clouds
472,Severo-Yeniseyskiy,RU,60.3725,93.0408,-19.66,98,97,3.18,overcast clouds
473,Zaltan,LY,32.947,11.8665,50.27,41,0,7.36,clear sky
474,Eydhafushi,MV,5.1033,73.0708,78.04,81,98,10.07,overcast clouds
475,Jalingo,NG,8.8833,11.3667,78.22,18,53,4.47,broken clouds
476,Kahului,US,20.8947,-156.47,82.42,54,0,5.75,clear sky
477,Dicabisagan,PH,17.0818,122.4157,72.9,85,81,6.42,broken clouds
478,Bam,IR,29.106,58.357,38.21,38,5,7.92,clear sky
479,Pontianak,ID,-0.0333,109.3333,75.18,100,75,3.44,broken clouds
480,Kortkeros,RU,61.8106,51.5806,21.2,92,100,8.28,overcast clouds
481,Killybegs,IE,54.6333,-8.45,48.18,94,100,6.31,overcast clouds
482,Shelburne,CA,44.0787,-80.2041,30.13,90,72,12.46,broken clouds
483,Gallup,US,35.5281,-108.7426,32.76,58,99,4.0,overcast clouds
484,Tiarei,PF,-17.5333,-149.3333,75.22,85,100,11.01,light rain
485,Jibuti,DJ,11.5,42.5,66.49,74,66,13.44,broken clouds
486,Sangar,RU,63.9242,127.4739,-57.15,97,77,3.83,broken clouds
487,Whitehorse,CA,60.7161,-135.0538,32.09,93,100,9.17,overcast clouds
488,Srednekolymsk,RU,67.45,153.6833,-24.48,93,100,3.96,overcast clouds
489,Shuyskoye,RU,59.3736,41.0305,22.51,96,100,5.77,overcast clouds
490,Feicheng,CN,35.2606,117.9675,13.53,24,36,11.12,scattered clouds
491,Asau,RO,46.4333,26.4,29.32,93,55,3.71,broken clouds
492,Bilma,NE,18.6853,12.9164,69.71,13,0,6.06,clear sky
493,Puerto Leguizamo,CO,-0.1934,-74.7819,78.33,71,78,0.45,broken clouds
494,Clyde River,CA,70.4692,-68.5914,-34.28,95,63,3.87,broken clouds
495,Oktyabrskiy,RU,54.4815,53.471,1.87,98,98,2.77,overcast clouds
496,Nipani,IN,16.4,74.3833,65.84,61,4,1.41,clear sky
497,Jumla,NP,29.2747,82.1838,39.56,32,100,3.49,overcast clouds
498,Kachug,RU,53.9606,105.8817,-29.29,92,100,1.79,overcast clouds
499,Katherine,AU,-14.4667,132.2667,80.92,74,97,10.36,overcast clouds
500,Shache,CN,38.4167,77.2406,2.25,90,10,4.56,clear sky
501,Airai,TL,-8.9266,125.4092,63.09,83,100,1.77,overcast clouds
502,Chandbali,IN,20.7833,86.7667,65.41,78,24,4.18,few clouds
503,Kasamwa,TZ,-2.85,32.4333,65.23,84,100,3.02,overcast clouds
504,Klaksvik,FO,62.2266,-6.589,41.92,94,100,15.66,overcast clouds
505,Konevo,RU,62.1215,39.3192,5.29,97,82,6.15,broken clouds
506,Athens,GR,37.9795,23.7162,57.33,85,75,2.3,broken clouds
507,Paithan,IN,19.4833,75.3833,65.68,49,8,4.79,clear sky
508,Tchibanga,GA,-2.85,11.0333,72.48,95,99,2.08,overcast clouds
509,Rorvik,NO,64.8621,11.2373,41.11,100,100,6.91,light rain
510,Tupaciguara,BR,-18.5922,-48.705,67.23,93,89,1.52,overcast clouds
511,Caravelas,BR,-17.7125,-39.2481,78.98,85,100,10.89,overcast clouds
512,Abu Zabad,SD,12.35,29.25,67.96,25,28,12.86,scattered clouds
513,Cabedelo,BR,-6.9811,-34.8339,81.27,75,10,15.57,clear sky
514,Hay River,CA,60.8156,-115.7999,9.03,95,100,3.53,overcast clouds
515,Wajima,JP,37.4,136.9,37.74,98,100,16.87,light rain
516,Thiers,FR,45.8333,3.5,34.12,99,100,3.2,light snow
517,Burgersdorp,ZA,-30.9977,26.3286,70.68,34,16,5.64,few clouds
518,Baijiantan,CN,45.6333,85.1833,-12.26,93,5,0.74,clear sky
519,Manyana,BW,-23.4,21.7167,78.46,34,69,17.43,broken clouds
520,Lata,PT,40.1629,-8.3327,40.91,63,1,4.52,clear sky
521,Oranjemund,NA,-28.55,16.4333,62.29,91,0,3.36,clear sky
522,Semey,KZ,50.4111,80.2275,12.49,96,100,5.1,light snow
523,Lokosovo,RU,61.1333,74.8167,4.12,96,100,5.68,overcast clouds
524,Chippewa Falls,US,44.9369,-91.3929,26.78,87,100,10.36,haze
525,Cabo San Lucas,MX,22.8909,-109.9124,79.9,64,75,18.41,broken clouds
526,Sur,OM,22.5667,59.5289,66.58,47,31,10.63,scattered clouds
527,Mayo,US,38.8876,-76.5119,43.21,61,100,16.11,overcast clouds
528,Dalaba,GN,10.7,-12.25,67.69,42,64,3.96,broken clouds
529,Hammond,US,41.5834,-87.5,32.4,76,0,13.8,clear sky
530,Ligayan,PH,4.6533,119.4706,80.33,81,100,12.06,overcast clouds
531,Zomba,MW,-15.386,35.3188,64.83,98,100,4.94,light rain
532,Morondava,MG,-20.2833,44.2833,77.99,87,100,13.06,moderate rain
533,Benjamin Aceval,PY,-24.9667,-57.5667,89.74,35,64,3.51,broken clouds
534,Gagino,RU,55.2314,45.0339,2.71,96,99,4.83,overcast clouds
535,Barentu,ER,15.1139,37.5928,66.97,71,6,4.27,clear sky
536,Thornhill,GB,55.2333,-3.7667,41.25,100,100,4.36,overcast clouds
537,Kyenjojo,UG,0.6328,30.6214,62.74,70,100,2.19,overcast clouds
538,Moose Factory,CA,51.2585,-80.6094,26.58,86,100,10.36,light snow
539,Praia Da Vitoria,PT,38.7333,-27.0667,57.76,92,98,21.03,overcast clouds
540,Necochea,AR,-38.5473,-58.7368,65.17,58,0,10.89,clear sky
541,Bud,US,39.447,-86.1758,33.82,80,11,7.09,few clouds
542,Ipixuna,BR,-1.7625,-48.8043,73.83,97,80,5.01,broken clouds
543,Gavle,SE,60.6745,17.1417,33.93,91,100,3.0,overcast clouds
544,Rawson,AR,-43.3002,-65.1023,82.24,32,0,23.87,clear sky
545,Abu Samrah,SY,35.3029,37.1841,48.92,71,0,3.98,clear sky
546,Saint-Augustin,CA,51.226,-58.6502,16.57,93,77,4.21,broken clouds
547,Zhirnovsk,RU,50.9845,44.7735,12.45,83,78,3.33,broken clouds
548,Evensk,RU,61.95,159.2333,7.97,72,100,22.77,overcast clouds
549,Kozhevnikovo,RU,56.2589,83.9714,9.77,96,99,7.47,light snow
550,Kamyshin,RU,50.0983,45.416,11.8,89,36,4.29,scattered clouds
551,Emerald,AU,-23.5333,148.1667,80.35,67,3,9.44,clear sky
552,Saint-Denis,FR,48.9167,2.3333,38.08,78,100,17.27,overcast clouds
553,Stornoway,GB,58.2093,-6.3865,49.96,94,100,10.36,overcast clouds
554,Moree,AU,-29.4667,149.85,83.3,36,16,4.21,few clouds
555,Greenville,US,35.6127,-77.3663,50.02,49,100,11.5,overcast clouds
556,Naryan-Mar,RU,67.6713,53.087,22.44,80,100,20.47,overcast clouds
557,Sept-Iles,CA,50.2001,-66.3821,17.06,86,84,3.94,broken clouds
558,Ayorou,NE,14.7308,0.9174,79.14,14,0,7.02,clear sky
559,Betsiamites,CA,48.9413,-68.646,26.69,90,100,5.08,overcast clouds
560,Zhangye,CN,38.9342,100.4517,7.99,23,1,6.58,clear sky
561,Ngunguru,NZ,-35.6167,174.5,68.86,77,98,11.61,overcast clouds
562,Disna,BY,55.568,28.1971,25.97,93,100,1.57,overcast clouds
563,Brazzaville,CG,-4.2658,15.2832,74.46,85,20,3.24,light rain
564,Kyzyl-Suu,KG,42.3414,78.0056,14.56,59,45,9.6,scattered clouds
565,Samana,DO,19.2056,-69.3369,80.56,76,1,7.14,clear sky
566,Flinders,AU,-34.5833,150.8552,76.37,72,71,8.01,broken clouds
567,Luwuk,ID,-0.9516,122.7875,78.66,84,99,1.72,overcast clouds
568,Dodge City,US,37.7528,-100.0171,40.21,73,0,3.44,clear sky
569,Beyneu,KZ,45.3167,55.2,26.46,33,78,6.8,broken clouds
570,Calahorra,ES,42.3051,-1.9652,37.38,79,71,18.07,broken clouds
571,Dingle,PH,10.9995,122.6711,74.52,93,100,8.23,overcast clouds
572,Roros,NO,62.5747,11.3842,19.24,86,100,0.0,overcast clouds
573,Warrnambool,AU,-38.3833,142.4833,66.79,77,79,5.3,broken clouds
574,George,ZA,-33.963,22.4617,67.55,88,100,11.5,overcast clouds
575,Nanakuli,US,21.3906,-158.1547,83.1,59,0,10.36,clear sky
576,Uberlandia,BR,-18.9186,-48.2772,67.03,94,99,0.49,moderate rain
577,Jacareacanga,BR,-6.2222,-57.7528,74.91,96,90,1.77,moderate rain
578,Puerto Penasco,MX,31.3167,-113.5333,57.9,20,0,8.99,clear sky
579,Nhulunbuy,AU,-12.2333,136.7667,79.41,100,100,0.0,light rain
580,Asuncion Mita,GT,14.3308,-89.7108,80.65,42,2,8.95,clear sky
581,Cap Malheureux,MU,-19.9842,57.6142,75.47,77,100,3.0,overcast clouds
582,Mahanoro,MG,-19.9,48.8,73.29,95,100,4.25,overcast clouds
583,Mocuba,MZ,-16.8392,36.9856,72.16,96,100,6.11,light rain
584,Falmouth,GB,50.1544,-5.0711,38.3,93,0,4.61,clear sky
585,Mathathane,BW,-22.2687,28.7495,76.28,48,97,9.89,overcast clouds
586,Dunedin,NZ,-45.8742,170.5036,61.81,53,68,1.99,broken clouds
587,Kalmunai,LK,7.4167,81.8167,75.99,86,100,4.85,overcast clouds
588,Popondetta,PG,-8.7537,148.2534,84.18,69,96,1.21,overcast clouds
589,Kuala Terengganu,MY,5.3302,103.1408,75.83,86,94,5.37,overcast clouds
590,Moroni,KM,-11.7022,43.2551,78.85,82,98,12.8,light rain
591,Banamba,ML,13.55,-7.45,73.2,20,20,1.72,few clouds
592,Margate,GB,51.3813,1.3862,41.9,78,100,4.0,overcast clouds
593,Birjand,IR,32.8663,59.2211,24.37,54,0,3.27,clear sky
594,Dongkan,CN,33.9997,119.8308,19.71,43,25,13.49,scattered clouds
595,Samur,RU,41.8253,48.486,35.15,83,13,7.49,few clouds
596,Dunmore Town,BS,25.5,-76.65,76.57,79,29,4.21,scattered clouds
597,Mattru,SL,7.6244,-11.8332,72.37,94,53,1.77,light rain
598,Sechura,PE,-5.5569,-80.8222,75.78,63,28,14.5,scattered clouds
599,Ekhabi,RU,53.5102,142.9671,-21.19,95,100,16.11,overcast clouds
600,Abu Dhabi,AE,24.4667,54.3667,62.62,63,0,3.44,clear sky
601,Maniitsoq,GL,65.4167,-52.9,23.67,92,100,16.04,snow
602,Henties Bay,NA,-22.116,14.2845,65.71,87,88,6.15,overcast clouds
603,Healdsburg,US,38.6105,-122.8692,70.3,26,0,3.44,clear sky
604,Tezu,IN,27.9167,96.1667,55.89,38,94,4.14,overcast clouds
605,Dudinka,RU,69.4058,86.1778,-33.07,98,7,2.64,clear sky
606,Doha,QA,25.2867,51.5333,64.38,88,0,1.14,clear sky
607,Kamenka,RU,51.3223,42.7678,16.38,82,87,4.74,overcast clouds
608,Morant Bay,JM,17.8815,-76.4093,80.71,82,16,12.35,few clouds
609,Araouane,ML,18.9048,-3.5265,68.99,14,1,10.96,clear sky
610,Golden,US,39.7555,-105.2211,36.66,69,40,8.05,scattered clouds
611,Liverpool,GB,53.4106,-2.9779,42.3,91,75,5.75,broken clouds
612,Port Hawkesbury,CA,45.6169,-61.3485,49.17,99,100,5.01,overcast clouds
613,Ketrzyn,PL,54.0768,21.3753,29.7,89,87,1.92,overcast clouds
614,Rio Gallegos,AR,-51.6226,-69.2181,61.0,39,100,20.38,overcast clouds
615,Sitka,US,57.0531,-135.33,44.49,81,100,16.11,mist
616,Angoram,PG,-4.0625,144.0661,76.66,95,100,1.41,overcast clouds
617,Vila Velha,BR,-20.3297,-40.2925,80.55,91,75,9.22,broken clouds
618,Chimore,BO,-16.9833,-65.1333,80.13,78,100,0.6,overcast clouds
619,Warangal,IN,18.0,79.5833,62.94,88,51,7.11,broken clouds
620,Visaginas,LT,55.6,26.4167,24.57,92,100,2.17,overcast clouds
621,Yenagoa,NG,4.9247,6.2642,80.1,80,4,4.52,clear sky
622,Sabang,ID,5.8933,95.3214,79.66,77,86,15.82,moderate rain
623,Santa Luzia,BR,-19.7697,-43.8514,76.1,97,98,1.72,overcast clouds
624,Bezhanitsy,RU,56.9767,29.8907,15.19,97,72,3.44,broken clouds
625,Matara,LK,5.9485,80.5353,74.41,88,100,9.66,light rain
626,Tonantins,BR,-2.8731,-67.8022,74.16,98,100,0.89,moderate rain
627,Haysville,US,37.5645,-97.3523,45.25,56,0,8.05,clear sky
628,Molfetta,IT,41.2002,16.5975,44.67,88,0,6.91,clear sky
629,Qui Nhon,VN,13.7667,109.2333,71.55,92,43,10.31,scattered clouds
630,Bonthe,SL,7.5264,-12.505,75.79,86,55,6.85,broken clouds
631,West Wendover,US,40.7391,-114.0733,34.81,51,0,8.05,clear sky
632,Agadez,NE,19.75,10.25,66.94,14,1,6.31,clear sky
633,Yauya,PE,-8.9833,-77.3,56.8,59,61,7.38,light rain
634,Guhagar,IN,17.4842,73.1929,63.7,82,36,5.99,scattered clouds
635,Harboore,DK,56.6175,8.1807,34.14,90,99,15.1,overcast clouds
636,Siniscola,IT,40.5719,9.6922,35.15,80,73,3.04,broken clouds
637,Pochutla,MX,15.7432,-96.4661,84.81,55,5,6.46,clear sky
638,Khilok,RU,51.3674,110.4676,-32.73,93,29,3.13,scattered clouds
639,Yar-Sale,RU,66.8333,70.8333,-7.91,100,94,11.01,overcast clouds
640,Ha Giang,VN,22.8333,104.9833,56.12,53,100,6.71,overcast clouds
641,Tuam,IE,53.5167,-8.85,47.23,93,100,6.46,overcast clouds
642,Sindou,BF,10.6667,-5.1667,83.89,28,2,3.58,clear sky
643,Shenjiamen,CN,29.9576,122.298,36.68,64,74,32.46,broken clouds
644,Neuquen,AR,-38.9516,-68.0591,96.53,6,0,23.17,clear sky
645,Palestina,PS,31.9216,35.2033,52.93,69,0,6.08,clear sky
646,Tawang,IN,27.5833,91.8667,31.86,51,50,5.73,scattered clouds
647,Raton,US,36.9034,-104.4391,29.01,64,100,0.0,light snow
648,Sioux Lookout,CA,50.1001,-91.917,17.67,79,100,10.36,overcast clouds
649,Calvinia,ZA,-31.4707,19.776,62.04,51,0,8.72,clear sky
650,Vardo,NO,70.3705,31.1107,28.38,86,37,26.46,scattered clouds
651,Campoverde,PE,-8.4753,-74.8058,83.89,73,91,1.77,overcast clouds
652,Teguise,ES,29.0605,-13.564,59.22,63,40,11.5,scattered clouds
653,Ilebo,CD,-4.3167,20.5833,71.69,92,100,2.55,light rain
654,Deloraine,AU,-41.5333,146.6667,66.36,26,2,2.01,clear sky
655,San Carlos De Bariloche,AR,-41.1456,-71.3082,66.24,56,3,16.37,clear sky
656,Sao Luiz Gonzaga,BR,-28.4083,-54.9608,85.57,27,31,3.51,scattered clouds
657,Geraldton,AU,-28.7667,114.6,72.01,83,100,9.22,overcast clouds
658,Dukstas,LT,55.5333,26.3333,23.83,94,100,1.72,overcast clouds
659,El Limon,VE,10.3059,-67.6321,78.12,80,98,4.99,overcast clouds
660,Gazanjyk,TM,39.2446,55.5154,28.76,50,0,6.24,clear sky
661,Puerto Madryn,AR,-42.7692,-65.0385,80.13,37,0,24.7,clear sky
662,Turbat,PK,26.0023,63.044,51.01,23,0,19.95,clear sky
663,Belaya Gora,RU,68.5333,146.4167,-26.91,98,100,1.43,overcast clouds
664,Nemuro,JP,43.3236,145.575,26.1,79,99,24.92,overcast clouds
665,Victor Harbor,AU,-35.5667,138.6167,66.0,87,23,8.86,few clouds
666,Ruteng,ID,-8.6136,120.4721,63.39,80,82,1.12,broken clouds
667,West Odessa,US,31.8424,-102.4988,53.69,50,75,27.63,broken clouds
668,Lubao,PH,14.9167,120.55,72.5,85,80,5.97,broken clouds
669,Hyeres,FR,43.1167,6.1167,43.68,82,100,5.75,light rain
670,Fukue,JP,32.6881,128.8419,38.88,81,99,37.45,overcast clouds
671,Ambilobe,MG,-13.2,49.05,72.43,97,100,1.72,light rain
672,Asosa,ET,10.0667,34.5333,66.97,29,47,4.16,scattered clouds
673,Loudi,CN,27.7344,111.9944,36.88,35,37,11.63,scattered clouds
674,Narkevychi,UA,49.5172,26.6418,30.04,86,32,5.91,scattered clouds
675,Chelno-Vershiny,RU,54.4333,51.1,-1.98,100,75,3.4,broken clouds
676,Dezhou,CN,37.4486,116.2925,5.74,21,30,4.99,scattered clouds
677,Basco,PH,20.4487,121.9702,76.05,74,93,23.4,overcast clouds
678,At-Bashi,KG,41.1702,75.8106,-5.08,59,5,2.66,clear sky
679,Viedma,AR,-40.8135,-62.9967,75.94,48,1,22.84,clear sky
680,Flin Flon,CA,54.7682,-101.865,-1.25,96,100,1.92,overcast clouds
681,Fare,PF,-16.7,-151.0167,77.56,80,100,9.28,moderate rain
682,Hovd,MN,48.0056,91.6419,-9.35,82,100,0.74,overcast clouds
